material_id,stability
mp-10861,0
mp-1601,0
mp-1057139,0
mp-309,1
mp-1220327,1
mp-1226026,1
mp-1018028,1
mp-1179691,1
mp-2861,1
mp-2741,1
mp-1009230,0
mp-1006880,1
mp-25378,0
mp-1221625,1
mp-10015,1
mp-1215676,1
mp-1223786,1
mp-1063005,1
mp-1100414,1
mp-1514,1
mp-1994,1
mp-217,1
mp-1018153,1
mp-1001824,0
mp-1179605,1
mp-1671,1
mp-1206712,1
mp-5676,1
mp-1087,1
mp-10764,0
mp-2350,1
mp-463,1
mp-3716,1
mp-1002124,1
mp-13161,0
mp-1221957,1
mp-1097933,1
mp-1184591,0
mp-28797,1
mp-1224962,0
mp-1219064,1
mp-30083,1
mp-450,1
mp-53,0
mp-11577,0
mp-1062597,1
mp-1002229,0
mp-1018130,1
mp-381,1
mp-1227290,1
mp-19858,0
mp-5177,1
mp-16728,0
mp-1186770,1
mp-1056860,0
mp-1144,1
mp-1179643,0
mp-1039106,0
mp-348,1
mp-1180271,1
mp-1219709,1
mp-569289,0
mp-1246274,0
mp-1206700,1
mp-10048,0
mp-11836,1
mp-550206,1
mp-1064119,1
mp-1245571,1
mp-1220274,1
mp-1986,1
mp-11245,1
mp-1062984,0
mp-24289,0
mp-22746,1
mp-1063020,0
mp-1186405,0
mp-1975,1
mp-1925,0
mp-1287184,1
mp-1021511,0
mp-1225652,0
mp-1216845,1
mp-1220069,1
mp-1502,1
mp-22880,0
mp-10148,0
mp-1039148,1
mp-24285,1
mp-1217812,1
mp-505599,1
mp-1180961,0
mp-541840,1
mp-3477,0
mp-1245506,0
mp-2459,1
mp-567365,0
mp-1334,1
mp-1216241,1
mp-2475,1
mp-1039154,0
mp-2767,1
mp-1009753,0
mp-10622,1
mp-1061769,0
mp-567679,0
mp-1094801,1
mp-1185370,1
mp-2684,1
mp-1660,1
mp-1206668,1
mp-10751,0
mp-1065250,0
mp-1215904,1
mp-1008624,1
mp-1254,0
mp-1009653,0
mp-24719,1
mp-1061123,0
mp-1216949,1
mp-1252,1
mp-23152,1
mp-1001605,0
mp-12892,1
mp-12055,1
mp-23300,1
mp-10044,1
mp-11468,1
mp-11252,1
mp-2114,1
mp-1009652,0
mp-1921,1
mp-131,1
mp-25199,0
mp-2624,1
mp-13498,1
mp-1209103,1
mp-19079,0
mp-1008865,1
mp-10145,1
mp-30454,1
mp-1186898,0
mp-15694,1
mp-1009459,0
mp-1057750,1
mp-1207057,1
mp-29941,1
mp-2520,1
mp-1218357,1
mp-2172,1
mp-1222265,1
mp-23231,1
mp-1009848,1
mp-1018102,1
mp-1009017,0
mp-1183227,1
mp-1802,0
mp-10659,1
mp-1215236,1
mp-1247391,0
mp-1147690,0
mp-23158,1
mp-1039305,1
mp-1009489,0
mp-20305,1
mp-1229015,1
mp-1246693,0
mp-1208639,1
mp-1222037,1
mp-2491,1
mp-1271295,1
mp-1009648,0
mp-1096803,0
mp-20483,1
mp-1023935,1
mp-1224785,0
mp-2379,1
mp-1008986,0
mp-1220954,0
mp-10109,1
mp-1100426,0
mp-10564,1
mp-1021516,1
mp-1174,1
mp-569639,1
mp-20719,1
mp-1224973,1
mp-1219507,0
mp-23303,1
mp-1225998,1
mp-1187365,1
mp-1218272,0
mp-1008489,0
mp-1001827,0
mp-1447,1
mp-10631,0
mp-568145,0
mp-1206710,1
mp-11496,1
mp-13308,1
mp-1226533,0
mp-11541,1
mp-1224258,1
mp-1866,1
mp-1014111,0
mp-1223788,1
mp-1094477,1
mp-1008733,0
mp-1776,1
mp-387,1
mp-1519,1
mp-1857,1
mp-11476,1
mp-1206694,0
mp-1955,1
mp-1008634,0
mp-1156,1
mp-2673,1
mp-1181437,0
mp-1009878,0
mp-1217467,1
mp-10257,1
mp-170,1
mp-32880,1
mp-1009015,0
mp-1009828,0
mp-11446,0
mp-2605,1
mp-13132,0
mp-1180861,0
mp-10108,1
mp-1009733,1
mp-1018126,1
mp-1009113,0
mp-1247003,0
mp-1008734,1
mp-1206953,1
mp-16313,1
mp-2266,1
mp-527,1
mp-2281,1
mp-1002207,0
mp-2052,1
mp-30449,1
mp-1232235,1
mp-1257615,0
mp-2806,1
mp-2249,1
mp-266,1
mp-16304,1
mp-1960,1
mp-11475,1
mp-1100440,1
mp-1225016,1
mp-1008923,0
mp-2399,1
mp-1064227,1
mp-1472,1
mp-10871,0
mp-567597,1
mp-22919,0
mp-13175,0
mp-1217409,1
mp-1221603,0
mp-1059907,0
mp-1187907,1
mp-1219485,0
mp-1057437,0
mp-1009213,1
mp-10161,1
mp-1780,1
mp-1009077,1
mp-11455,0
mp-1206707,0
mp-1180106,0
mp-1223655,1
mp-1092,1
mp-1009769,0
mp-10013,0
mp-1228623,0
mp-1008802,0
mp-1187983,1
mp-1216635,1
mp-10685,0
mp-2541,1
mp-1218354,1
mp-1186686,1
mp-1018178,1
mp-1206742,1
mp-1227042,1
mp-2831,1
mp-1227033,0
mp-1225448,1
mp-2781,1
mp-2693,1
mp-24095,1
mp-1220335,1
mp-1216546,1
mp-1226076,1
mp-1008777,0
mp-1078801,1
mp-2065,1
mp-1076916,1
mp-1056900,0
mp-1062842,1
mp-30488,0
mp-1221525,1
mp-21418,1
mp-2592,1
mp-1018103,1
mp-2426,1
mp-219,1
mp-1038828,1
mp-2647,1
mp-2090,1
mp-1222693,1
mp-1223665,1
mp-183,0
mp-10192,1
mp-119,0
mp-10182,1
mp-1245648,1
mp-1223757,0
mp-1206908,0
mp-464,1
mp-20952,1
mp-1023924,1
mp-1206747,1
mp-1183040,1
mp-1245887,0
mp-228,1
mp-1219565,0
mp-10661,0
mp-30377,1
mp-1063311,0
mp-20889,0
mp-144,1
mp-30358,1
mp-1157,1
mp-542595,1
mp-30847,1
mp-35925,0
mp-1217892,1
mp-1009696,1
mp-36033,1
mp-2197,1
mp-1097924,0
mp-1008874,1
mp-1245984,1
mp-1208642,1
mp-1077452,0
mp-1217408,0
mp-1221588,1
mp-1227938,1
mp-1009792,1
mp-1094862,0
mp-11311,1
mp-313,1
mp-569933,0
mp-1023934,1
mp-2388,0
mp-1007770,1
mp-1009219,0
mp-2054,1
mp-1100438,0
mp-1062989,0
mp-1222922,1
mp-1223742,1
mp-1009639,1
mp-1018129,1
mp-22862,1
mp-1009654,1
mp-1145,1
mp-1063224,1
mp-1184881,1
mp-11500,0
mp-103,1
mp-1668,1
mp-1178763,1
mp-567332,0
mp-1180047,0
mp-1062169,0
mp-1138,1
mp-1059612,0
mp-1224549,1
mp-20034,1
mp-1002165,0
mp-1008283,0
mp-1018107,1
mp-1100402,1
mp-1229101,0
mp-19886,1
mp-1009831,1
mp-136,1
mp-1226523,1
mp-10753,0
mp-1784,1
mp-1186769,1
mp-30460,1
mp-1009657,1
mp-1210274,1
mp-2559,0
mp-1062228,0
mp-35208,1
mp-1229090,0
mp-1009836,1
mp-1221639,1
mp-1017981,0
mp-11498,1
mp-542,1
mp-1215905,1
mp-156,1
mp-567418,0
mp-30560,0
mp-1058623,0
mp-570179,1
mp-25571,0
mp-1009748,0
mp-1221551,1
mp-1183308,1
mp-41,0
mp-23171,1
mp-18,1
mp-1225995,1
mp-1056308,1
mp-1222908,1
mp-1067793,0
mp-1226464,1
mp-1219459,0
mp-1014219,1
mp-19006,1
mp-238,0
mp-408,1
mp-24152,1
mp-291,1
mp-1057320,1
mp-20997,1
mp-23299,1
mp-1147758,0
mp-1002183,0
mp-1002197,0
mp-20587,1
mp-2278,1
mp-1865,1
mp-30501,1
mp-1073501,1
mp-16366,0
mp-504731,1
mp-13272,1
mp-13149,1
mp-1094705,1
mp-1094136,0
mp-1225687,1
mp-1434,1
mp-1186397,1
mp-1181862,0
mp-14,1
mp-10615,1
mp-1235,0
mp-1187560,0
mp-1215231,1
mp-569358,0
mp-1187780,1
mp-12979,0
mp-1225490,1
mp-1219066,1
mp-1216641,1
mp-11870,1
mp-21253,1
mp-1183602,1
mp-1227940,1
mp-1038715,1
mp-1180619,1
mp-10740,1
mp-1009132,1
mp-11621,1
mp-1094669,1
mp-1094673,1
mp-12581,0
mp-1226720,1
mp-16730,0
mp-2252,1
mp-24153,1
mp-1476,1
mp-441,1
mp-2269,0
mp-1058171,1
mp-2434,1
mp-11521,1
mp-2201,1
mp-1008920,1
mp-1220323,1
mp-28013,1
mp-1062817,0
mp-20736,0
mp-2495,1
mp-1874,1
mp-1022725,1
mp-567465,1
mp-1215202,0
mp-1215431,1
mp-1228817,1
mp-2083,1
mp-1481,0
mp-1060567,0
mp-1224826,0
mp-549,1
mp-1224956,0
mp-1055994,1
mp-1008929,1
mp-1215193,1
mp-1217901,1
mp-1093990,0
mp-1062114,0
mp-1232344,0
mp-22903,1
mp-29671,0
mp-1206423,1
mp-19830,1
mp-1009770,1
mp-1224300,1
mp-342,0
mp-10679,1
mp-12574,1
mp-1100409,1
mp-2558,1
mp-1002105,1
mp-24650,1
mp-1056351,0
mp-49,1
mp-1187573,1
mp-1217468,1
mp-1008809,0
mp-1206755,1
mp-1207190,1
mp-1018029,1
mp-2808,1
mp-1227729,1
mp-1229012,1
mp-1218262,1
mp-31453,1
mp-2630,0
mp-1002210,1
mp-1228854,1
mp-1606,1
mp-10149,1
mp-1058887,0
mp-1161,1
mp-1039170,0
mp-2819,0
mp-1009135,0
mp-1217908,0
mp-1186691,1
mp-1039368,1
mp-1206683,0
mp-1226027,1
mp-2423,1
mp-1062620,1
mp-1094974,1
mp-1017545,1
mp-30068,1
mp-23156,0
mp-10646,1
mp-11516,0
mp-1206752,0
mp-1057015,1
mp-1009752,0
mp-1540935,1
mp-1018118,0
mp-1009837,0
mp-34976,0
mp-1207109,0
mp-1958,1
mp-11471,1
mp-1009543,1
mp-22926,1
mp-1040425,1
mp-1100395,1
mp-1217887,0
mp-1018154,1
mp-10635,1
mp-11276,1
mp-22915,0
mp-2217,0
mp-1217894,1
mp-1227950,0
mp-1219103,1
mp-569765,0
mp-101,1
mp-2472,1
mp-12675,0
mp-1059765,0
mp-1223778,1
mp-22901,1
mp-567480,0
mp-1054,1
mp-12628,1
mp-13136,0
mp-1213016,0
mp-16327,1
mp-282,1
mp-1018164,1
mp-10183,1
mp-1031,1
mp-1017519,0
mp-519,1
mp-11364,0
mp-105,0
mp-1093991,1
mp-4025,1
mp-1206743,1
mp-1207611,0
mp-567337,1
mp-1059462,0
mp-1220054,1
mp-19849,1
mp-27731,1
mp-1186146,1
mp-12793,1
mp-10154,1
mp-1064244,0
mp-1018155,0
mp-1038887,1
mp-1094668,0
mp-1100417,1
mp-1058151,0
mp-1186634,1
mp-1018123,1
mp-4964,1
mp-1009640,0
mp-10981,0
mp-1217269,1
mp-1014230,1
mp-2469,1
mp-1225701,1
mp-1684,1
mp-1009583,0
mp-1206955,0
mp-1094336,0
mp-1002117,0
mp-1232234,1
mp-1245579,0
mp-1299,1
mp-27215,1
mp-1009766,1
mp-1245639,0
mp-38222,1
mp-11299,0
mp-1009829,0
mp-10709,0
mp-22883,1
mp-1220079,1
mp-177,1
mp-2260,1
mp-1009490,0
mp-10617,0
mp-30796,0
mp-1187812,0
mp-1330,1
mp-1179325,0
mp-1063388,1
mp-1055,1
mp-11369,0
mp-13174,0
mp-1058549,1
mp-1009592,1
mp-143,1
mp-1224777,1
mp-1219959,1
mp-1100425,1
mp-269,1
mp-1008876,1
mp-1001918,0
mp-1017541,0
mp-1058499,0
mp-2685,1
mp-11254,1
mp-1415,1
mp-30506,1
mp-19839,1
mp-1123,1
mp-1057979,0
mp-1018105,1
mp-11488,1
mp-1217971,0
mp-1221550,1
mp-1219722,1
mp-1001836,1
mp-1238872,0
mp-1183835,1
mp-1216535,1
mp-1190,1
mp-1009237,0
mp-28,1
mp-10869,0
mp-1280,0
mp-1063280,0
mp-1215923,1
mp-1009582,0
mp-11483,1
mp-1018152,1
mp-25206,0
mp-1094774,0
mp-432,0
mp-1331,1
mp-1225704,1
mp-2510,1
mp-1245578,0
mp-1224694,0
mp-1223637,1
mp-1226524,1
mp-112,1
mp-1217979,1
mp-436,1
mp-30390,1
mp-1674,1
mp-1892,0
mp-22885,1
mp-1008688,1
mp-1008785,1
mp-1441,0
mp-1183209,1
mp-1187100,1
mp-10143,0
mp-1008673,1
mp-45,1
mp-22541,0
mp-1223662,0
mp-1224307,0
mp-12707,0
mp-1271562,1
mp-1078638,1
mp-1063133,0
mp-567903,0
mp-1222013,1
mp-22689,0
mp-23229,0
mp-1066029,0
mp-1539,1
mp-2732,1
mp-1222252,1
mp-1226726,1
mp-1038829,1
mp-257,1
mp-12594,0
mp-492,1
mp-2778,1
mp-11841,0
mp-1057273,0
mp-126,1
mp-2568,1
mp-24161,1
mp-1018890,1
mp-11552,0
mp-1009545,1
mp-24237,1
mp-1061395,1
mp-24287,1
mp-2583,0
mp-567677,0
mp-1187794,1
mp-1266,1
mp-1229093,1
mp-34240,1
mp-1227942,0
mp-27945,0
mp-1185908,1
mp-567259,0
mp-1061530,0
mp-1224663,1
mp-31457,1
mp-1219092,0
mp-1220155,1
mp-1672,1
mp-21394,1
mp-1408,1
mp-1302,1
mp-1094180,0
mp-2597,0
mp-1061635,0
mp-30383,1
mp-1057017,1
mp-1216621,1
mp-2213,1
mp-1065697,0
mp-11286,1
mp-1207080,1
mp-1211,1
mp-345,1
mp-11256,0
mp-21009,1
mp-2553,1
mp-1941,1
mp-379,1
mp-1009720,0
mp-1009491,0
mp-11869,1
mp-50,1
mp-3698,1
mp-2839,1
mp-1246674,0
mp-1009218,0
mp-1213965,1
mp-2297,0
mp-1060787,1
mp-1652,1
mp-1699,1
mp-12874,0
mp-1009731,0
mp-1224793,1
mp-414,1
mp-1094743,1
mp-1062345,1
mp-2318,1
mp-1100423,1
mp-451,1
mp-1059879,1
mp-28240,0
mp-1009822,0
mp-1207100,1
mp-1219503,1
mp-10632,0
mp-1057216,0
mp-1540,1
mp-1061861,1
mp-1222028,1
mp-1094849,0
mp-1187187,1
mp-13036,0
mp-1226221,1
mp-11480,0
mp-10157,1
mp-1009695,0
mp-1526,1
mp-1179413,0
mp-2291,1
mp-1579,1
mp-10367,0
mp-1096977,1
mp-1221621,1
mp-2117,1
mp-1206957,1
mp-569376,0
mp-1100404,1
mp-331,1
mp-1008728,0
mp-39,1
mp-20263,1
mp-32887,0
mp-1009817,1
mp-130,1
mp-1095001,0
mp-132,1
mp-1218916,0
mp-1009127,0
mp-2746,1
mp-1226728,1
mp-1219908,1
mp-13116,1
mp-1224314,1
mp-1220057,1
mp-1183252,1
mp-1220369,1
mp-2525,1
mp-1217755,1
mp-10756,0
mp-1009005,0
mp-30468,1
mp-1094298,0
mp-1059,1
mp-1100422,1
mp-1223656,1
mp-1009555,1
mp-1225494,1
mp-2600,1
mp-1062310,0
mp-1147530,0
mp-11566,1
mp-1223785,1
mp-1227038,0
mp-1100441,1
mp-1056004,0
mp-1011031,0
mp-1001916,1
mp-20453,0
mp-1094095,0
mp-1186621,0
mp-23155,0
mp-2700,1
mp-1062078,1
mp-1062072,0
mp-1059707,0
mp-1640,1
mp-1217398,0
mp-1008873,1
mp-1094402,0
mp-1228818,0
mp-10014,1
mp-1002220,0
mp-16329,1
mp-127,1
mp-54,1
mp-1217681,1
mp-1246308,0
mp-11454,1
mp-1359,1
mp-1097030,0
mp-11514,1
mp-11843,1
mp-33723,1
mp-1002206,1
mp-22877,1
mp-1187458,1
mp-12067,0
mp-1742,1
mp-1187749,1
mp-11463,1
mp-1186468,1
mp-1100410,0
mp-1009663,1
mp-1237669,1
mp-24658,1
mp-1008635,1
mp-510404,1
mp-1100442,0
mp-30033,0
mp-12558,1
mp-1001837,0
mp-2077,1
mp-1100398,1
mp-2051,1
mp-1219,1
mp-11698,1
mp-1009223,0
mp-1009130,0
mp-12093,0
mp-2011,1
mp-1217402,1
mp-1008918,0
mp-1009533,0
mp-1009538,1
mp-1218964,1
mp-1009655,0
mp-569360,0
mp-1096861,1
mp-1635,1
mp-1184764,1
mp-100,0
mp-1060502,0
mp-30339,1
mp-1225677,1
mp-1063003,0
mp-1187011,1
mp-1002122,0
mp-570259,1
mp-1008866,0
mp-25433,0
mp-1014264,0
mp-1002223,0
mp-1018125,1
mp-19009,1
mp-1216519,0
mp-1219460,0
mp-21087,1
mp-2316,1
mp-1018042,1
mp-1221545,1
mp-2612,0
mp-27396,0
mp-2179,1
mp-1008677,0
mp-1115,1
mp-108,0
mp-1210743,1
mp-567313,1
mp-36582,1
mp-1225520,0
mp-1009264,1
mp-28753,1
mp-1227306,0
mp-22881,0
mp-1217363,1
mp-1206741,1
mp-1206716,1
mp-1774,1
mp-1709,0
mp-10051,1
mp-1210,1
mp-1060680,0
mp-1700,1
mp-11546,0
mp-23268,1
mp-1207695,0
mp-1100391,1
mp-19,1
mp-1227964,1
mp-2532,1
mp-11359,1
mp-1009818,1
mp-1040452,0
mp-1009548,1
mp-1008754,0
mp-30457,1
mp-191,1
mp-55,1
mp-1225654,1
mp-20848,1
mp-11573,1
mp-2443,1
mp-1183726,0
mp-31451,1
mp-1708,0
mp-1217258,1
mp-102,1
mp-1208330,0
mp-1058159,1
mp-1010953,1
mp-35555,1
mp-1184763,1
mp-1218996,1
mp-1216538,0
mp-1183961,1
mp-20023,1
mp-1008999,1
mp-1061691,0
mp-1225267,1
mp-1018160,0
mp-23205,1
mp-20194,1
mp-30848,1
mp-2758,1
mp-1009006,0
mp-1184502,1
mp-2334,1
mp-1009651,0
mp-24721,1
mp-1058019,0
mp-22589,0
mp-213,1
mp-1008752,1
mp-1217014,1
mp-10023,0
mp-1018134,1
mp-1060967,0
mp-1063156,1
mp-1245659,0
mp-10652,1
mp-2599,0
mp-1224349,0
mp-36526,1
mp-1216695,0
mp-1059552,0
mp-2323,1
mp-1039141,1
mp-2444,1
mp-1406,1
mp-1108,1
mp-1912,1
mp-1056857,0
mp-1002182,0
mp-1100428,0
mp-2422,1
mp-1185858,1
mp-10653,0
mp-567510,1
mp-22866,1
mp-12564,0
mp-23157,0
mp-30469,1
mp-558110,0
mp-1224311,0
mp-1223794,0
mp-1226229,1
mp-11259,0
mp-1186027,0
mp-1505,1
mp-1185504,1
mp-2191,1
mp-1094057,0
mp-12605,0
mp-1215899,1
mp-1184549,0
mp-1223979,0
mp-1100424,0
mp-1023937,1
mp-34611,0
mp-1245676,0
mp-1662,0
mp-2748,1
mp-569960,0
mp-1008807,0
mp-1186632,1
mp-10197,0
mp-2050,1
mp-1009471,1
mp-3173,1
mp-2212,1
mp-1018139,1
mp-1187259,0
mp-1226007,1
mp-23219,0
mp-31458,1
mp-10908,0
mp-1008642,1
mp-1080319,0
mp-2352,1
mp-31460,0
mp-1207181,1
mp-23162,1
mp-23241,1
mp-1215265,1
mp-22095,1
mp-1062935,1
mp-1100439,0
mp-1009540,1
mp-1220035,0
mp-1067475,1
mp-425,1
mp-1008632,1
mp-1059259,1
mp-560,1
mp-1018104,1
mp-1009128,0
mp-1246694,1
mp-1094232,0
mp-1228806,0
mp-1065146,1
mp-1063239,1
mp-1055985,0
mp-1009129,1
mp-1209181,1
mp-568075,0
mp-11301,1
mp-1226232,1
mp-1063255,1
mp-1063118,0
mp-1221413,1
mp-1245836,1
mp-1778,1
mp-2228,1
mp-1215891,0
mp-1281,1
mp-1245894,0
mp-23289,1
mp-11279,1
mp-139,1
mp-1009485,0
mp-32,1
mp-1147672,0
mp-1009504,1
mp-1245665,0
mp-1221414,1
mp-1315,1
mp-1216313,1
mp-22914,1
mp-20523,0
mp-1009813,1
mp-10647,0
mp-1253,1
mp-1033,1
mp-1207092,1
mp-1008872,1
mp-316,1
mp-23240,0
mp-1009747,0
mp-16732,0
mp-1215437,1
mp-1217557,1
mp-15687,1
mp-1009750,1
mp-1008726,0
mp-1183572,1
mp-1100436,0
mp-1180981,0
mp-1206667,1
mp-23245,1
mp-1215914,1
mp-1100400,0
mp-22965,1
mp-1021660,1
mp-1187633,1
mp-34,1
mp-1207188,0
mp-1147700,1
mp-1172,1
mp-1185959,1
mp-1327,1
mp-2165,1
mp-1009593,1
mp-1057125,1
mp-1224926,1
mp-30,1
mp-1009694,0
mp-1006883,0
mp-22865,1
mp-22682,1
mp-5549,1
mp-1009751,0
mp-2486,1
mp-1225279,1
mp-1224310,0
mp-11833,0
mp-1153,1
mp-1215201,1
mp-10110,1
mp-22672,0
mp-1009596,0
mp-252,1
mp-1094701,1
mp-27922,1
mp-1063495,0
mp-11718,1
mp-1094874,0
mp-1225502,1
mp-370,0
mp-2615,1
mp-1227947,1
mp-24286,1
mp-522,1
mp-22924,1
mp-23209,1
mp-1072204,1
mp-1220322,1
mp-19184,1
mp-10738,1
mp-2841,1
mp-550893,1
mp-1206677,1
mp-28116,0
mp-1062162,1
mp-1147756,0
mp-1009830,0
mp-1164,1
mp-1206995,0
mp-1187978,0
mp-1217008,1
mp-20185,1
mp-396,1
mp-2159,0
mp-1187372,1
mp-2547,0
mp-11495,1
mp-1014212,0
mp-1783,1
mp-1183229,0
mp-11324,0
mp-27638,1
mp-1217811,1
mp-1009650,0
mp-1206687,1
mp-2784,1
mp-1183455,1
mp-1410,1
mp-1223797,1
mp-1009496,0
mp-1001785,0
mp-2853,0
mp-22873,1
mp-10194,1
mp-1100401,1
mp-2145,1
mp-1059094,0
mp-1063988,0
mp-1018156,1
mp-1223320,0
mp-1219533,1
mp-12981,0
mp-110,1
mp-1094782,1
mp-1225129,1
mp-11274,1
mp-1219177,1
mp-1008223,1
mp-31459,0
mp-1273331,1
mp-1206907,0
mp-545619,0
mp-1223654,1
mp-38011,1
mp-1224965,1
mp-567456,1
mp-1018132,1
mp-1094967,0
mp-1225044,1
mp-1100421,1
mp-1219705,1
mp-1217586,1
mp-1221498,0
mp-12719,1
mp-12062,0
mp-25302,1
mp-16343,1
mp-1225656,1
mp-25424,1
mp-1009746,1
mp-1226177,1
mp-1226723,0
mp-1245814,0
mp-570354,0
mp-22786,1
mp-151,1
mp-2807,1
mp-1008682,0
mp-10695,1
mp-1009732,0
mp-11241,1
mp-1963,1
mp-1061766,1
mp-28910,0
mp-1206819,0
mp-1225189,0
mp-12674,0
mp-10760,1
mp-1006886,1
mp-1094089,0
mp-1261,1
mp-1095016,1
mp-1215,1
mp-30878,1
mp-24151,1
mp-1961,1
mp-2466,1
mp-1018141,1
mp-1227326,0
mp-1181940,0
mp-1542,1
mp-4846,1
mp-1008689,0
mp-11447,1
mp-30453,1
mp-1271679,1
mp-13117,1
mp-1062824,0
mp-1224967,1
mp-1228803,1
mp-567891,0
mp-1184687,0
mp-567580,1
mp-10683,0
mp-1830,1
mp-1061023,0
mp-1251,1
mp-1206718,1
mp-1179682,0
mp-35308,1
mp-10018,1
mp-1057787,1
mp-1057286,1
mp-1100393,0
mp-1018119,0
mp-1077718,1
mp-1228901,1
mp-1221543,1
mp-2596,1
mp-1039270,0
mp-1008625,1
mp-11287,1
mp-1238797,0
mp-1219476,1
mp-25236,0
mp-20379,1
mp-1246610,0
mp-1056957,0
mp-1215200,1
mp-1206686,1
mp-2755,1
mp-10173,1
mp-22558,1
mp-1377,1
mp-10190,0
mp-1207177,1
mp-1018135,1
mp-1078609,1
mp-19744,0
mp-1751,1
mp-23870,1
mp-1038814,1
mp-1995,1
mp-1007776,1
mp-1080279,0
mp-1747,1
mp-11237,1
mp-1902,0
mp-1060884,0
mp-21215,1
mp-1008600,0
mp-1009495,0
mp-13034,0
mp-1206713,1
mp-506,1
mp-1224855,0
mp-1785,1
mp-12794,0
mp-1215185,0
mp-1094389,1
mp-1009016,0
mp-11466,1
mp-1753,1
mp-1039124,1
mp-2724,1
mp-193,1
mp-568059,1
mp-35035,1
mp-2343,1
mp-1245812,0
mp-2442,1
mp-22912,1
mp-2678,1
mp-1220316,1
mp-30497,1
mp-1207060,0
mp-1224847,0
mp-1256,1
mp-1207380,1
mp-1008786,1
mp-1009049,0
mp-30373,1
mp-30389,1
mp-11374,1
mp-1056955,0
mp-2348,1
mp-21168,0
mp-11554,0
mp-1008626,0
mp-1220052,1
mp-20724,1
mp-2546,1
mp-27785,0
mp-555037,1
mp-1096826,0
mp-2563,1
mp-1008610,0
mp-2713,1
mp-1220244,1
mp-1103,1
mp-2468,1
mp-1009207,1
mp-1009460,1
mp-1219509,1
mp-1066,1
mp-567089,1
mp-1009839,1
mp-22902,1
mp-1217267,1
mp-1002184,0
mp-12693,1
mp-256,0
mp-1227231,1
mp-22925,1
mp-2076,1
mp-1246949,1
mp-1225685,1
mp-23,1
mp-22906,1
mp-1179768,1
mp-1184123,1
mp-1500,1
mp-1062805,0
mp-1184069,1
mp-406,1
mp-10649,0
mp-1102,1
mp-1002109,1
mp-1272139,1
mp-30581,1
mp-30413,1
mp-1009787,0
mp-12108,1
mp-11572,1
mp-1008568,1
mp-1059256,1
mp-475,1
mp-1217263,0
mp-1226001,0
mp-21039,0
mp-13305,1
mp-1059357,1
mp-1395,1
mp-10637,1
mp-1018151,1
mp-29196,1
mp-22704,1
mp-2828,1
mp-20300,1
mp-30455,1
mp-2313,1
mp-1009834,1
mp-20012,1
mp-1220634,1
mp-1811,1
mp-1061732,1
mp-437,1
mp-21143,0
mp-1918,1
mp-1009756,1
mp-1094288,1
mp-1184885,1
mp-1194,1
mp-554355,1
mp-1225992,1
mp-22867,1
mp-1820,1
mp-20275,1
mp-503,1
mp-1008762,0
mp-1062055,0
mp-12087,1
mp-1009814,0
mp-1009458,1
mp-2524,1
mp-1022721,0
mp-558544,0
mp-1061772,1
mp-1008833,1
mp-286,1
mp-1009494,1
mp-1279979,1
mp-1002224,0
mp-135,1
mp-1220677,0
mp-1001917,0
mp-1061979,1
mp-1021666,0
mp-1184755,1
mp-1121,1
mp-1895,0
mp-1039447,0
mp-23251,1
mp-1023926,1
mp-1009730,1
mp-2664,0
mp-1186915,1
mp-1210823,0
mp-2012,1
mp-1225902,1
mp-570276,1
mp-1018159,0
mp-1218947,0
mp-1207082,1
mp-1215900,1
mp-1226164,1
mp-1226617,0
mp-4,0
mp-11258,1
mp-1561,1
mp-121,0
mp-1220165,1
mp-2470,1
mp-23193,1
mp-570459,0
mp-1394,1
mp-1215196,0
mp-11503,1
mp-10196,1
mp-2743,1
mp-11531,1
mp-1008806,0
mp-1008681,0
mp-12110,0
mp-1226724,0
mp-1018142,0
mp-23285,1
mp-2367,1
mp-1062206,1
mp-1207087,1
mp-1009646,0
mp-10614,1
mp-1525,1
mp-1224800,0
mp-1060281,1
mp-10597,1
mp-1063016,1
mp-1179688,1
mp-429,1
mp-1206744,1
mp-1218967,0
mp-10228,0
mp-1225177,1
mp-1056702,1
mp-1211615,0
mp-1225695,1
mp-16314,1
mp-1008798,0
mp-1001925,0
mp-1100413,1
mp-11484,0
mp-1002114,1
mp-1009539,0
mp-569685,0
mp-1008928,1
mp-21214,0
mp-1008680,1
mp-1220023,1
mp-1009838,1
mp-2017,1
mp-1217895,1
mp-1206685,1
mp-2222,1
mp-1222280,1
mp-1217337,0
mp-1245,1
mp-1093989,0
mp-1206997,0
mp-23722,0
mp-1039147,1
mp-1059528,1
mp-31454,1
mp-1185771,1
mp-1009594,1
mp-1221386,0
mp-1008669,0
mp-1216394,1
mp-2516,1
mp-1216530,1
mp-460,1
mp-22851,0
mp-1639,1
mp-1025,1
mp-30725,1
mp-2384,1
mp-1221433,1
mp-1221963,0
mp-477,1
mp-1100415,1
mp-1008702,0
mp-1208612,0
mp-22210,0
mp-1219734,1
mp-1220357,0
mp-20812,0
mp-11343,0
mp-2302,1
mp-1216825,1
mp-1215473,1
mp-10627,1
mp-1096866,0
mp-1766,1
mp-2156,0
mp-1009020,0
mp-1187769,0
mp-1215464,0
mp-24728,1
mp-1010136,1
mp-1058331,0
mp-2120,1
mp-1752,1
mp-1008,1
mp-1014231,1
mp-1080337,1
mp-1002227,0
mp-1094391,0
mp-1094188,0
mp-1006882,1
mp-2730,1
mp-1225041,1
mp-2267,1
mp-1220726,1
mp-1225994,1
mp-10178,0
mp-1187739,1
mp-2823,1
mp-1094479,1
mp-12586,1
mp-2482,0
mp-1238819,0
mp-24155,1
mp-11563,1
mp-24727,1
mp-422,1
mp-377,1
mp-1096937,0
mp-1206698,0
mp-2057,1
mp-2637,1
mp-2132,1
mp-1094363,1
mp-1206681,1
mp-11344,1
mp-27637,1
mp-1186775,1
mp-567379,0
mp-1226718,1
mp-1186,1
mp-1006887,0
mp-1228795,1
mp-1008813,0
mp-1876,1
mp-1062,1
mp-11367,1
mp-1217896,1
mp-2648,1
mp-1018121,1
mp-1907,1
mp-1282,1
mp-1885,1
mp-1217902,1
mp-33,1
mp-1023128,0
mp-1217897,1
mp-1038818,0
mp-1018165,0
mp-1183669,0
mp-21276,1
mp-1216391,0
mp-20943,0
mp-1246045,1
mp-3522,1
mp-12771,0
mp-1094882,0
mp-10687,0
mp-1187887,1
mp-11267,1
mp-1008903,1
mp-21272,1
mp-1058798,1
mp-1220678,1
mp-1183222,1
mp-1120769,1
mp-1056579,0
mp-2692,0
mp-24192,1
mp-1096840,1
mp-24082,1
mp-1009014,0
mp-1227944,1
mp-567630,0
mp-1009134,1
mp-36,1
mp-1038972,1
mp-1220332,1
mp-1058119,0
mp-1228809,1
mp-28306,0
mp-1053,1
mp-1183964,0
mp-1883,0
mp-1002188,1
mp-1236,1
mp-1018127,0
mp-2618,1
mp-20064,1
mp-2143,1
mp-1217706,1
mp-1007819,0
mp-22027,1
mp-1241,1
mp-1216531,1
mp-1062939,1
mp-1597,1
mp-1038934,0
mp-1097725,0
mp-2894,1
mp-2458,1
mp-1062711,1
mp-1186367,1
mp-1018150,1
mp-1569,1
mp-1176,0
mp-1411,1
mp-1008881,1
mp-1100430,1
mp-1187356,1
mp-1009547,1
mp-1009757,0
mp-1018122,1
mp-1206765,1
mp-315,1
mp-20269,1
mp-11467,1
mp-1206728,1
mp-24291,1
mp-1219898,0
mp-1367,1
mp-1215893,1
mp-1179990,0
mp-1183233,0
mp-2176,1
mp-1018112,0
mp-1094894,0
mp-11575,1
mp-10680,1
mp-1002181,0
mp-1534,1
mp-12753,0
mp-1094318,0
mp-1186411,0
mp-1219182,1
mp-1011375,1
mp-37,1
mp-1094636,0
mp-1019239,0
mp-1008650,1
mp-1008924,0
mp-13098,0
mp-1218920,1
mp-2303,1
mp-1226196,1
mp-1008860,0
mp-1245591,1
mp-1062676,1
mp-12072,0
mp-1207186,1
mp-1094850,1
mp-1073705,0
mp-1038783,0
mp-21140,1
mp-1245821,0
mp-2210,1
mp-1021674,0
mp-1184554,0
mp-11464,0
mp-1065,1
mp-29733,1
mp-20411,1
mp-1009835,0
mp-1223814,1
mp-1219920,1
mp-1061298,0
mp-1094889,1
mp-1217756,0
mp-1001913,0
mp-1281224,1
mp-1207072,0
mp-13497,1
mp-11461,1
mp-11242,1
mp-1077001,0
mp-1184798,0
mp-1059160,0
mp-1076920,0
mp-1061054,0
mp-2305,1
mp-1219977,1
mp-1008901,0
mp-1216236,1
mp-1181998,0
mp-1007,1
mp-134,1
mp-1100435,1
mp-12105,0
mp-1039010,0
mp-1245817,0
mp-1073325,1
mp-1001789,1
mp-1001834,1
mp-1223969,0
mp-1018148,1
mp-30789,0
mp-1100431,0
mp-2686,1
mp-556853,0
mp-1008661,0
mp-1058490,1
mp-1271693,1
mp-1009222,1
mp-1008653,0
mp-13496,0
mp-2243,1
mp-24096,1
mp-3462,1
mp-1206989,1
mp-2822,1
mp-20120,0
mp-1094281,1
mp-1245663,1
mp-22922,1
mp-2497,1
mp-11549,1
mp-1215258,1
mp-22377,0
mp-1008558,0
mp-1221418,1
mp-1219490,0
mp-1541,1
mp-1206717,1
mp-1550,1
mp-30359,1
mp-11,1
mp-2170,1
mp-23907,1
mp-10144,0
mp-1058315,1
mp-1206977,1
mp-1216698,1
mp-2194,1
mp-1018075,0
mp-1073,1
mp-1211945,1
mp-1782,1
mp-1058586,1
mp-1215913,0
mp-1246020,0
mp-2502,1
mp-1060435,1
mp-13452,1
mp-1206684,0
mp-1245582,0
mp-1224292,0
mp-1213,0
mp-1620,1
mp-1184569,0
mp-1224802,1
mp-1002164,1
mp-555293,1
mp-1246462,0
mp-1094571,1
mp-166,1
mp-569779,1
mp-16365,0
mp-1187777,0
mp-1001843,0
mp-1018113,1
mp-1217961,1
mp-1094578,1
mp-1453,1
mp-16522,1
mp-24012,1
mp-2195,1
mp-11249,1
mp-11335,0
mp-232,1
mp-1062643,0
mp-1080251,1
mp-11296,0
mp-1022,1
mp-23197,1
mp-46,1
mp-11375,1
mp-570632,1
mp-1060143,0
mp-1206697,1
mp-2545,1
mp-1062306,1
mp-569610,0
mp-2735,1
mp-20340,1
mp-1057818,0
mp-1059289,0
mp-1247558,0
mp-1272680,1
mp-20134,0
mp-1227339,1
mp-10064,0
mp-1009735,1
mp-1009641,1
mp-1226722,1
mp-1215257,1
mp-1186653,1
mp-5640,1
mp-1080348,1
mp-1219935,1
mp-13141,0
mp-1007778,1
mp-33154,0
mp-1218356,1
mp-447,1
mp-22792,1
mp-1183691,1
mp-10207,0
mp-13155,1
mp-30495,1
mp-1184350,0
mp-2229,1
mp-1245815,0
mp-104,1
mp-1183575,1
mp-1007857,1
mp-1009581,0
mp-1218957,1
mp-1222310,1
mp-11457,1
mp-1186779,1
mp-24208,1
mp-1018027,1
mp-1018136,1
mp-1228006,1
mp-570752,0
mp-22898,1
mp-24724,1
mp-1062988,0
mp-1224345,1
mp-1008925,0
mp-1002228,0
mp-16326,1
mp-1094272,1
mp-1479,1
mp-1207929,0
mp-1186337,0
mp-1247556,0
mp-1221583,1
mp-1002219,1
mp-20582,1
mp-10658,1
mp-2773,1
mp-1748,1
mp-1018140,1
mp-19868,1
mp-20125,1
mp-2119,0
mp-32548,0
mp-10765,1
mp-2658,1
mp-1009008,1
mp-1057084,0
mp-13033,1
mp-1009080,1
mp-11261,1
mp-1216325,1
mp-2728,1
mp-1172873,1
mp-2082,1
mp-1215181,1
mp-1670,0
mp-1018145,0
mp-1221616,0
mp-1217890,1
mp-1094181,0
mp-20969,1
mp-1738,1
mp-10660,1
mp-1186593,1
mp-1060962,0
mp-1342,1
mp-11221,1
mp-22916,1
mp-1008912,1
mp-1055932,1
mp-4262,1
mp-11255,1
mp-29719,0
mp-30867,1
mp-1217905,0
mp-2285,1
mp-11370,1
mp-1209332,1
mp-12983,0
mp-1062974,1
mp-1187910,1
mp-1216231,1
mp-1009734,1
mp-1073299,0
mp-1206711,0
mp-24722,1
mp-1057315,0
mp-21377,1
mp-32686,1
mp-1224271,0
mp-23295,1
mp-2027,1
mp-1001844,0
mp-11419,1
mp-1006878,0
mp-1432,1
mp-1094982,1
mp-1186331,1
mp-1100407,0
mp-1056985,1
mp-1183542,0
mp-1207075,0
mp-505569,1
mp-20055,1
mp-1221484,1
mp-1055908,0
mp-10909,0
mp-1222888,1
mp-1219741,1
mp-237,0
mp-1391,1
mp-1703,1
mp-1001833,1
mp-1222403,1
mp-1104,1
mp-1225280,1
mp-1083,1
mp-1206749,1
mp-1246678,0
mp-169,1
mp-2286,1
mp-1011374,0
mp-1018128,1
mp-10634,0
mp-20158,0
mp-30835,1
mp-1073635,0
mp-1186459,1
mp-1227305,0
mp-2390,1
mp-13032,1
mp-1008727,0
mp-1056059,0
mp-1586,1
mp-1008902,0
mp-24201,0
mp-1009551,1
mp-1092293,1
mp-22408,1
mp-22899,1
mp-1224858,1
mp-1226716,0
mp-10624,1
mp-1218273,1
mp-1056699,1
mp-1199,1
mp-1009537,0
mp-1008911,1
mp-1916,1
mp-1219456,0
mp-10654,0
mp-1008910,0
mp-1217967,0
mp-1219711,1
mp-1018133,1
mp-19889,1
mp-15778,1
mp-2634,1
mp-1120739,1
mp-1754,1
mp-2556,1
mp-1221387,1
mp-1100459,0
mp-1072274,1
mp-1272749,1
mp-22913,1
mp-2324,1
mp-24726,1
mp-4510,1
mp-1548,1
mp-567525,0
mp-1223860,1
mp-1206704,0
mp-10177,1
mp-11540,0
mp-24723,1
mp-567116,1
mp-542065,1
mp-1147646,1
mp-1009007,0
mp-1183444,1
mp-1226602,1
mp-1218968,0
mp-1223902,0
mp-1221793,1
mp-1008826,0
mp-30363,1
mp-10681,0
mp-1100418,0
mp-1224976,1
mp-1206750,1
mp-31455,1
mp-1529,1
mp-20494,0
mp-510402,1
mp-1207095,1
mp-2014,1
mp-1247117,1
mp-1018177,1
mp-10616,1
mp-111,1
mp-1010048,0
mp-1058689,1
mp-1217264,1
mp-1224769,1
mp-1096851,0
mp-20738,1
mp-13035,1
mp-12599,1
mp-1018166,1
mp-11478,1
mp-1187244,1
mp-1246843,0
mp-20351,1
mp-1226378,1
mp-1180622,1
mp-1245584,1
mp-1186484,1
mp-1009078,0
mp-10184,1
mp-10688,1
mp-1008987,0
mp-1170,0
mp-1184478,1
mp-1352,1
mp-1217469,0
mp-2221,1
mp-1218268,1
mp-1224945,1
mp-1002221,1
mp-1018106,1
mp-1008867,0
mp-1057758,1
mp-1009079,1
mp-16364,0
mp-30746,1
mp-1009767,0
mp-1009071,0
mp-284,1
mp-1221647,1
mp-1207088,0
mp-1008832,0
mp-2640,1
mp-1265,1
mp-2064,1
mp-12764,1
mp-567636,1
mp-1279742,0
mp-1217970,1
mp-1129,1
mp-1009601,0
mp-1207242,0
mp-1072543,0
mp-1224698,0
mp-569581,1
mp-11388,1
mp-23194,1
mp-22886,1
mp-1063522,0
mp-16734,1
mp-22320,1
mp-20632,1
mp-1206982,0
mp-2757,0
mp-28233,0
mp-1100392,1
mp-1246506,1
mp-2283,1
mp-1000,1
mp-1056366,0
mp-4174,1
mp-1008630,1
mp-1221492,0
mp-570510,0
mp-31452,1
mp-1169,1
mp-2489,1
mp-1245569,0
mp-1059621,0
mp-1061855,0
mp-1183921,0
mp-10172,1
mp-1009019,0
mp-295,1
mp-10750,1
mp-1011376,0
mp-1220194,0
mp-1225805,0
mp-1696,1
mp-1218912,0
mp-1008601,1
mp-1186683,0
mp-2802,1
mp-1184804,1
mp-14549,0
mp-1215274,1
mp-23167,1
mp-10030,0
mp-1227725,1
mp-18905,0
mp-20,1
mp-117,1
mp-1247049,0
mp-510374,1
mp-1779,1
mp-1219922,1
mp-1225381,1
mp-505297,1
mp-22905,1
mp-23210,0
mp-1002209,0
mp-1008965,1
mp-1216850,1
mp-1094003,0
mp-1186637,1
mp-1008776,1
mp-1219500,1
mp-2381,1
mp-1487,1
mp-1227218,1
mp-12765,0
mp-20457,1
mp-1181996,0
mp-12603,0
mp-129,1
mp-567724,1
mp-1206874,1
mp-1178932,0
mp-220,1
mp-1219462,1
mp-1100406,0
mp-1221422,1
mp-1008985,0
mp-1063517,0
mp-1219928,1
mp-13031,1
mp-1001826,1
mp-2696,1
mp-542569,1
mp-1056418,1
mp-16376,1
mp-1014229,1
mp-1063610,0
mp-11240,1
mp-1216675,1
mp-1010161,0
mp-2540,1
mp-1018161,1
mp-1008820,1
mp-30728,1
mp-570213,1
mp-1077177,1
mp-1009755,1
mp-11460,1
mp-11493,1
mp-11576,1
mp-1226211,1
mp-11219,1
mp-30034,0
mp-12778,1
mp-1215462,1
mp-1227342,0
mp-1097884,0
mp-1245568,0
mp-1224880,1
mp-1008755,1
mp-1100411,1
mp-2493,1
mp-1611,1
mp-34932,0
mp-2474,1
mp-25210,1
mp-1459,1
mp-1009009,0
mp-1009832,1
mp-1187012,1
mp-1002187,0
mp-2776,1
mp-13449,0
mp-1039025,0
mp-10628,0
mp-1097889,0
mp-1009206,0
mp-1008805,1
mp-2104,1
mp-1690,1
mp-1009220,0
mp-20132,0
mp-21098,1
mp-20768,0
mp-1061865,0
mp-1009238,1
mp-1100397,0
mp-2205,1
mp-11568,1
mp-2616,1
mp-10623,1
mp-1423,0
mp-1096,1
mp-10755,1
mp-2522,1
mp-1008921,1
mp-1018179,0
mp-1096941,0
mp-1206992,1
mp-1009827,0
mp-1215449,1
mp-1216634,1
mp-11291,1
mp-1063245,1
mp-1206794,1
mp-1212974,0
mp-1147667,0
mp-1222259,1
mp-1059264,0
mp-1223071,1
mp-12761,1
mp-13099,1
mp-19717,1
mp-1224803,1
mp-1220071,1
mp-1008835,1
mp-1008823,1
mp-1227975,0
mp-24288,1
mp-1018120,0
mp-1218401,0
mp-1610,1
mp-1219463,0
mp-1226620,1
mp-25223,1
mp-1221567,1
mp-10684,0
mp-1335,1
mp-1217106,1
mp-1039074,0
mp-1206322,1
mp-21391,1
mp-1187033,1
mp-10021,1
mp-1227052,1
mp-1023936,1
mp-279,1
mp-1206679,1
mp-1100405,1
mp-3,1
mp-1094779,1
mp-11520,1
mp-12718,1
mp-1225997,1
mp-1009826,1
mp-1948,1
mp-1245811,1
mp-1183833,1
mp-1213702,1
mp-1063314,1
mp-1217257,1
mp-1039275,0
mp-1008617,1
mp-1215892,0
mp-1206987,1
mp-1207019,0
mp-1217474,1
mp-1094941,0
mp-1029,1
mp-10,1
mp-516,1
mp-30031,1
mp-1226063,0
mp-16246,0
mp-22297,0
mp-1009649,0
mp-1894,1
mp-5318,1
mp-1096950,0
mp-1100443,1
mp-1008998,1
mp-1226000,1
mp-1009018,0
mp-2796,1
mp-1207173,0
mp-1186250,1
mp-1001828,0
mp-124,1
mp-1219925,1
mp-567624,1
mp-1013526,1
mp-1221542,0
mp-567362,0
mp-1953,1
mp-22893,1
mp-2795,1
mp-1062795,0
mp-1219836,1
mp-1625,0
mp-19275,0
mp-1222919,1
mp-515,1
mp-1094129,1
mp-1269,1
mp-36111,1
mp-10020,1
mp-1226002,1
mp-22692,0
mp-1093,1
mp-30459,1
mp-11361,1
mp-21,1
mp-569593,1
mp-1008927,1
mp-149,1
mp-343,0
mp-1094617,1
mp-1226170,1
mp-31456,1
mp-1225515,1
mp-22782,0
mp-1183937,1
mp-4142,1
mp-13164,1
mp-11564,1
mp-11472,1
mp-1002222,0
mp-1094183,0
mp-1623,1
mp-1018157,1
mp-510401,1
mp-1009133,1
mp-22907,1
mp-10728,0
mp-1222270,1
mp-2167,1
mp-23302,1
mp-13311,1
mp-19091,1
mp-448,1
mp-1206843,1
mp-56,1
mp-2186,1
mp-2744,1
mp-11452,1
mp-24420,0
mp-1094088,1
mp-1008631,1
mp-1056376,0
mp-1644,0
mp-1062510,1
mp-38194,1
mp-1216646,0
mp-10903,1
mp-1009819,0
mp-2627,1
mp-30496,1
mp-1002226,0
mp-1207185,1
mp-2182,1
mp-2602,1
mp-1094654,0
mp-1018050,1
mp-570197,1
mp-1181909,1
mp-11294,1
mp-1184509,1
mp-1794,1
mp-20745,0
mp-1218350,1
mp-2530,1
mp-20895,0
mp-1560,1
mp-2621,1
mp-23259,1
mp-1491,1
mp-140,1
mp-33088,0
mp-1222883,0
mp-1066707,1
mp-1062893,1
mp-10054,1
mp-11469,1
mp-1132,1
mp-2154,1
mp-1009221,1
mp-1094800,0
mp-215,1
mp-11832,1
mp-20298,1
mp-1008676,0
mp-1688,1
mp-1535,1
mp-21075,1
mp-3161,1
mp-1094883,1
mp-1245754,0
mp-1008858,1
mp-11390,1
mp-24092,1
mp-10024,0
mp-1100412,1
mp-1220270,1
mp-1240,1
mp-23234,1
mp-1008931,0
mp-1580,0
mp-11473,1
mp-2564,1
mp-159,1
mp-1094964,0
mp-2756,0
mp-1009820,1
mp-1094990,1
mp-2209,0
mp-51,1
mp-1018158,0
mp-1184115,1
mp-1223919,1
mp-1058581,1
mp-11229,1
mp-1217422,1
mp-1063174,1
mp-1216312,1
mp-1009833,0
mp-1055956,0
mp-1226439,1
mp-12982,0
mp-1094247,0
mp-153,1
mp-113,1
mp-2697,0
mp-1100408,1
mp-30806,0
mp-11470,1
mp-1018124,1
mp-22921,1
mp-11257,1
mp-1062030,0
mp-19962,1
mp-510753,1
mp-1187763,0
mp-1009483,0
mp-1008753,0
mp-2183,0
mp-30009,0
mp-1009823,0
mp-2268,1
mp-1797,0
mp-10879,0
mp-364,1
mp-24154,1
mp-146,1
mp-1101,1
mp-2364,1
mp-13,1
mp-30999,0
mp-1219457,1
mp-1486,1
mp-1296922,1
mp-1206714,0
mp-1186582,1
mp-1094726,1
mp-2163,1
mp-2314,0
mp-30452,1
mp-1206720,1
mp-1009493,0
mp-1216347,0
mp-1212609,1
mp-1008875,0
mp-23703,1
mp-1223784,0
mp-16731,0
mp-1039157,0
mp-11327,1
mp-1100420,0
mp-10141,1
mp-1100394,1
mp-1185851,1
mp-542583,0
mp-10201,1
mp-1219907,1
mp-24084,1
mp-1220173,1
mp-182,1
mp-1059242,0
mp-1735,0
mp-1038779,1
mp-1006884,0
mp-1187073,1
mp-1206682,1
mp-1837,1
mp-1245564,0
mp-2642,0
mp-44,0
mp-10630,0
mp-1216,1
mp-1225278,1
mp-1226166,1
mp-1018131,1
mp-1038915,0
mp-1223675,0
mp-1245735,1
mp-1914,1
mp-10902,1
mp-1105,0
mp-1002106,0
mp-1062648,0
mp-2226,1
mp-1180489,0
mp-1018138,1
mp-10641,0
mp-1219175,1
mp-22154,1
mp-399,1
mp-2578,1
mp-1063268,0
mp-1246450,0
mp-1010071,1
mp-22875,1
mp-1038961,1
mp-1064300,1
mp-1223633,0
mp-3432,1
mp-214,1
mp-2857,1
mp-241,1
mp-1283030,0
mp-4076,1
mp-1971,1
mp-1181027,1
mp-37381,1
mp-1207094,1
mp-179,0
mp-1018149,1
mp-1018162,1
mp-2534,1
mp-13150,1
mp-1009488,1
mp-24147,1
mp-145,1
mp-1207004,1
mp-1219720,1
mp-10193,1
mp-27,0
mp-1223896,0
mp-1218346,1
mp-22895,1
mp-1186753,1
mp-1565,1
mp-1064459,0
mp-1008922,1
mp-1215206,1
mp-2691,1
mp-1147670,0
mp-2,1
mp-1097832,0
mp-569843,1
mp-1009894,1
mp-305,1
mp-23903,0
mp-1186614,1
mp-10759,0
mp-150,1
mp-1221419,1
mp-374,1
mp-417,1
mp-122,1
mp-1065811,1
mp-1086,1
mp-1100396,1
mp-2490,1
mp-1009885,1
mp-1215401,1
mp-1179679,1
mp-1187029,1
mp-2175,1
mp-1062652,0
mp-11561,1
mp-1216527,0
mp-10752,1
mp-19736,0
mp-1058944,0
mp-1001113,0
mp-37906,1
mp-1009217,1
mp-1008926,1
mp-1187974,1
mp-1064814,1
mp-1217413,0
mp-1056831,1
mp-133,1
mp-1187341,1
mp-1220321,1
mp-251,0
mp-1009048,0
mp-1039019,1
mp-1094998,1
mp-1229092,1
mp-32641,1
mp-8134,0
mp-999127,1
mp-2168,0
mp-999474,1
mp-1184550,1
mp-1007665,1
mp-1002081,0
mp-1222426,0
mp-1245746,1
mp-1271282,1
mp-1223443,1
mp-8781,0
mp-995195,0
mp-996953,0
mp-999289,1
mp-984761,0
mp-10779,1
mp-571079,1
mp-1178135,1
mp-755183,0
mp-980057,1
mp-15796,1
mp-1227316,1
mp-10694,1
mp-1066781,0
mp-1180036,0
mp-8001,1
mp-1018115,1
mp-8039,0
mp-10778,1
mp-1096940,0
mp-1066131,1
mp-15988,1
mp-631519,0
mp-12317,1
mp-7973,1
mp-997183,1
mp-1221643,1
mp-12953,1
mp-1096986,1
mp-1220714,1
mp-999447,1
mp-976347,1
mp-1220883,1
mp-1215430,1
mp-557835,0
mp-9366,1
mp-4026,1
mp-1215446,1
mp-4123,1
mp-15797,1
mp-10423,1
mp-1007908,1
mp-1224789,1
mp-5693,1
mp-1222011,1
mp-1210872,0
mp-9263,1
mp-1006885,1
mp-7885,0
mp-771648,1
mp-1228340,0
mp-581024,1
mp-1176780,1
mp-7972,1
mp-999460,1
mp-15782,1
mp-1245873,0
mp-1008556,1
mp-1215406,1
mp-545512,1
mp-1223815,1
mp-560588,1
mp-753226,1
mp-1067744,1
mp-1221939,1
mp-559092,1
mp-13181,0
mp-9365,1
mp-1007823,1
mp-1185537,1
mp-864755,0
mp-1172905,1
mp-1228925,1
mp-753740,0
mp-1308540,1
mp-1272524,1
mp-865145,1
mp-1286600,0
mp-1216540,1
mp-1101661,1
mp-1176669,0
mp-1096980,0
mp-14437,1
mp-7478,1
mp-9081,1
mp-999448,1
mp-23056,1
mp-1228891,1
mp-1178141,1
mp-19128,0
mp-1207105,0
mp-1220912,1
mp-997084,1
mp-999138,1
mp-1227007,0
mp-2133,1
mp-753946,1
mp-1206388,1
mp-18957,1
mp-9036,1
mp-1219254,1
mp-8260,1
mp-9889,1
mp-754158,1
mp-1228951,1
mp-1101151,1
mp-8830,1
mp-7045,1
mp-569178,1
mp-22003,1
mp-1008394,1
mp-976148,1
mp-7477,1
mp-22917,0
mp-8884,1
mp-15793,1
mp-24093,1
mp-1096804,0
mp-632539,0
mp-1180221,0
mp-1017514,1
mp-1179500,0
mp-15788,1
mp-1066400,0
mp-1018031,1
mp-21405,1
mp-1001831,1
mp-999461,1
mp-1179886,0
mp-1224318,0
mp-1220704,1
mp-1271296,1
mp-8927,0
mp-1185301,1
mp-15785,1
mp-999295,0
mp-632229,0
mp-1185319,1
mp-15790,1
mp-1218019,1
mp-1222296,1
mp-1185942,1
mp-561203,1
mp-865081,0
mp-23154,0
mp-752974,0
mp-8881,1
mp-1226761,1
mp-862631,1
mp-9361,1
mp-971712,1
mp-752960,0
mp-7914,1
mp-1207136,1
mp-1176792,1
mp-1223311,1
mp-13694,1
mp-581833,1
mp-1001604,1
mp-8175,1
mp-1221632,1
mp-1221936,1
mp-629015,1
mp-1002570,0
mp-1065514,1
mp-754992,0
mp-1216570,1
mp-804,1
mp-558134,0
mp-861884,1
mp-1215439,1
mp-1096971,1
mp-976280,1
mp-554201,0
mp-1065577,1
mp-862797,1
mp-753098,1
mp-11601,1
mp-1021431,0
mp-999132,1
mp-1221066,1
mp-754824,1
mp-1221905,1
mp-1008523,1
mp-978857,1
mp-1218707,1
mp-10784,1
mp-632326,1
mp-1215907,1
mp-1245869,0
mp-27712,0
mp-7176,1
mp-1008559,1
mp-1147749,1
mp-973064,1
mp-1067619,1
mp-5770,0
mp-10783,1
mp-1070,1
mp-1217888,0
mp-999126,1
mp-1227311,1
mp-754633,0
mp-569304,1
mp-972965,0
mp-755311,1
mp-1221101,1
mp-985278,0
mp-973783,1
mp-5273,1
mp-753001,1
mp-15786,1
mp-9362,1
mp-9367,1
mp-549706,1
mp-753774,1
mp-7487,0
mp-999488,1
mp-19338,0
mp-1101214,0
mp-1227049,1
mp-10159,1
mp-23153,0
mp-997089,1
mp-997161,1
mp-9076,1
mp-861937,1
mp-15781,1
mp-754933,0
mp-1187558,0
mp-8188,1
mp-568062,1
mp-1225547,1
mp-1008506,1
mp-1222297,1
mp-752549,1
mp-753619,0
mp-1080243,0
mp-1221502,1
mp-12779,1
mp-998913,0
mp-1180580,1
mp-1101377,0
mp-9089,1
mp-1221385,1
mp-27418,1
mp-569170,1
mp-1001780,1
mp-1220873,0
mp-10421,1
mp-7476,1
mp-1001786,1
mp-1096875,0
mp-545820,0
mp-1067933,0
mp-996996,1
mp-1227998,1
mp-996952,1
mp-1007636,1
mp-1012435,1
mp-1018097,0
mp-561619,1
mp-1096827,0
mp-1215445,1
mp-1378,1
mp-19378,1
mp-11342,1
mp-8002,0
mp-1220963,1
mp-1067154,0
mp-15795,1
mp-9370,1
mp-865028,1
mp-1219312,1
mp-15789,1
mp-546500,1
mp-1021327,0
mp-578610,1
mp-1221102,1
mp-5808,1
mp-1096820,0
mp-865194,0
mp-867168,1
mp-7140,1
mp-1181106,0
mp-999269,1
mp-568949,1
mp-1184046,1
mp-1220314,0
mp-22473,1
mp-1206851,1
mp-1183938,1
mp-23040,1
mp-1007824,1
mp-706,1
mp-1221122,0
mp-545552,0
mp-1008524,0
mp-1933,1
mp-9166,1
mp-5841,1
mp-554310,1
mp-1029359,1
mp-1223840,1
mp-1272771,1
mp-10525,0
mp-1219926,0
mp-755219,0
mp-1018030,0
mp-1207108,1
mp-5175,1
mp-1018033,1
mp-571454,1
mp-999137,1
mp-1018096,1
mp-558852,1
mp-1008500,1
mp-10780,1
mp-1222306,1
mp-8409,1
mp-1002573,1
mp-1017534,0
mp-558071,1
mp-1178133,1
mp-1206723,0
mp-23202,1
mp-973185,1
mp-754541,0
mp-1018275,1
mp-862901,0
mp-661,1
mp-568927,0
mp-1096798,0
mp-632672,0
mp-8176,1
mp-1215429,1
mp-754823,0
mp-23910,1
mp-570747,0
mp-1018025,0
mp-984,1
mp-13178,1
mp-1218330,1
mp-984718,1
mp-1246039,1
mp-1227235,1
mp-777047,0
mp-754282,1
mp-1222370,1
mp-15794,1
mp-1018098,1
mp-756436,0
mp-999490,1
mp-1065265,0
mp-1014013,1
mp-977360,0
mp-1227309,1
mvc-13729,0
mp-11740,1
mp-1008395,1
mp-1226161,1
mp-861605,0
mp-578604,1
mp-22464,1
mp-568588,1
mp-1008492,0
mp-1215443,1
mp-15724,1
mp-1222669,1
mp-1014251,1
mp-1094066,1
mp-631545,0
mp-867192,1
mp-15783,1
mp-864928,0
mp-1066791,1
mp-629458,1
mp-24199,1
mp-999121,1
mp-1017510,1
mp-8584,1
mp-999129,1
mp-1215475,1
mp-1063670,0
mp-1008557,1
mp-1379,0
mp-1096795,0
mp-1272466,0
mp-1064952,0
mp-1064492,0
mp-754555,0
mp-7748,1
mp-1221125,1
mp-567290,1
mp-996966,1
mp-1007663,1
mp-11739,1
mp-571555,0
mp-999119,1
mp-1225893,1
mp-1217291,0
mp-8145,1
mp-33018,0
mp-1101250,0
mp-23009,1
mp-8880,1
mp-1223642,1
mp-561367,0
mp-1220879,1
mp-7113,1
mp-1017508,1
mp-7976,0
mp-966800,1
mp-7041,1
mp-1008561,1
mp-23301,0
mp-5475,0
mp-23033,1
mp-323,0
mp-1227032,0
mp-9082,1
mp-1007637,0
mp-1223313,1
mp-754825,1
mp-19359,1
mp-754537,0
mp-10785,1
mp-1001611,1
mp-1017988,1
mp-570858,0
mp-1228894,1
mp-1228888,1
mp-996982,0
mp-12910,0
mp-999288,1
mp-1007907,1
mp-1227206,1
mp-1006888,1
mp-557466,0
mp-863710,1
mp-1066872,0
mp-999470,1
mp-10969,1
mp-755544,0
mp-2251,1
mp-637292,1
mp-568273,1
mp-9363,1
mp-1187761,0
mp-1225516,1
mp-7895,1
mp-1096942,1
mp-1018049,0
mp-1064979,0
mp-31166,1
mp-7958,1
mp-571093,1
mp-561586,0
mp-15784,1
mp-1003402,0
mp-1216404,0
mp-567809,0
mp-10102,1
mp-1007922,0
mp-1216625,0
mp-1179680,0
mp-14115,1
mp-1221953,1
mp-996955,0
mp-975275,1
mp-10226,1
mp-8882,1
mp-375,0
mp-1220712,1
mp-15791,1
mp-1176591,0
mp-1220875,1
mp-999471,1
mp-754883,1
mp-11178,0
mp-1039,1
mp-1008528,1
mp-1222003,1
mp-13313,1
mp-570538,1
mp-7959,1
mp-10782,1
mp-7991,1
mp-999498,1
mp-1185487,0
mp-1018089,1
mp-755520,1
mp-1029375,1
mp-1067280,1
mp-863707,1
mp-571636,0
mp-1271286,0
mp-10618,0
mp-1178514,1
mp-3056,1
mp-1002069,0
mp-1014244,1
mp-1101401,1
mp-996984,0
mp-23177,0
mp-1178247,0
mp-1215513,1
mp-1219943,0
mp-675349,1
mp-1096824,0
mp-1221929,1
mp-7046,1
mp-559676,0
mp-756034,1
mp-867112,1
mp-1271352,1
mp-4124,1
mp-9035,1
mp-22936,1
mp-1096972,0
mp-1018099,1
mp-1276026,0
mp-380,1
mp-752767,1
mp-9368,1
mp-1018040,1
mp-604884,1
mp-676673,0
mp-570935,1
mp-34857,0
mp-1006891,1
mp-1179622,0
mp-1215486,1
mp-760482,0
mp-14116,1
mp-755189,0
mp-999319,1
mp-3915,1
mp-7480,1
mp-754777,1
mp-18921,1
mp-1078836,1
mp-1223307,1
mp-1184972,1
mp-757021,0
mp-1101653,1
mp-999274,0
mp-3332,1
mp-12908,1
mp-1222404,1
mp-1018100,1
mp-18793,1
mp-165,1
mvc-15384,0
